,1.Company,2.Role,3.Page,4.Date
0,Keywords Studios,Junior Software Development Engineer in Test,http://www.indeed.com/rc/clk?jk=5c96cf355ba33e4d&fccid=c26d104f25f1364f&vjs=3,5 days ago
1,,,,
2,Reperio Human Capital,Senior Test QA Automation Engineer,http://www.indeed.com/rc/clk?jk=643967323ab599da&fccid=79d95b1544240a36&vjs=3,5 days ago
3,Top Tier Recruitment,Automation Test Engineer (Daily rate position),http://www.indeed.com/company/Top-Tier-Recruitment/jobs/Automation-Test-Engineer-7de49b66599a67c6?fccid=ee3f14b430a92d51&vjs=3,5 days ago
4,Reperio Human Capital,Performance Test Engineer,http://www.indeed.com/rc/clk?jk=e84455f310af7102&fccid=79d95b1544240a36&vjs=3,5 days ago
5,,,,
6,Firstaff Personnel Consultants Ltd,Test/Debugging & Electronic Technician - Immediate,http://www.indeed.com/rc/clk?jk=1723978e405b4300&fccid=accf531adcae8c2e&vjs=3,5 days ago
7,,,,
8,Boxever,Marketing Project Manager,http://www.indeed.com/rc/clk?jk=ef5cc1ad3a08a000&fccid=d0a2c58189f20589&vjs=3,5 days ago
9,,,,
10,,,,
11,,,,
12,Morgan McKinley,Senior Automation Manager,http://www.indeed.com/rc/clk?jk=80c3c61c8ebae4b5&fccid=893f9f3cd9fe4472&vjs=3,5 days ago
13,,,,
14,,,,
15,,,,
16,,,,
17,,,,
18,,,,
19,AbbVie,"Analytical Manager, Science & Technology",http://www.indeed.com/rc/clk?jk=e9fa6c9ec96657e4&fccid=a3b51ece17c02aae&vjs=3,6 days ago
20,Bank of America,Testing Specialist,http://www.indeed.com/rc/clk?jk=3d36a0b2d57d5e9d&fccid=5bd99dfa21c8a490&vjs=3,6 days ago
21,,,,
22,Morgan McKinley,Web Developer & Technical Account Manager,http://www.indeed.com/rc/clk?jk=82d33d86e17226cc&fccid=893f9f3cd9fe4472&vjs=3,6 days ago
23,,,,
24,,,,
25,,,,
26,,,,
27,,,,
28,,,,
29,,,,
30,,,,
31,ITSearch.ie,Enterprise Architecture Manager,http://www.indeed.com/company/ITSearch.ie/jobs/Enterprise-Architecture-Manager-ba412a5b5375d86c?fccid=7eed1995ea20c121&vjs=3,6 days ago
32,,,,
33,,,,
34,Reperio Human Capital,Test Automation Engineer,http://www.indeed.com/rc/clk?jk=7a6712576c6d9b72&fccid=79d95b1544240a36&vjs=3,6 days ago
35,,,,
36,,,,
37,,,,
38,MongoDB,"Senior Engineer, Ops Manager (EMEA)",http://www.indeed.com/rc/clk?jk=fbe285d1a4913ffc&fccid=5c80575a010bbc63&vjs=3,7 days ago
39,ScientificJobs.ie,Tech Transfer Senior Lead (Contract),http://www.indeed.com/rc/clk?jk=791bb64a8850289b&fccid=f017d6ee002c4760&vjs=3,7 days ago
40,,,,
41,,,,
42,Red Tree Recruitment,Audit Senior Manager,http://www.indeed.com/rc/clk?jk=053eb3927205ade2&fccid=b6ae85448223419d&vjs=3,7 days ago
43,,,,
44,,,,
45,Life Science Recruitment,Tech Transfer Senior Lead (Contract),http://www.indeed.com/rc/clk?jk=a8980b5acfadbb27&fccid=40406c0ac98fe22e&vjs=3,7 days ago
46,,,,
47,,,,
48,,,,
49,,,,
